
1,Mario,Rossi,mario@example.com
2,Luigi,Bianchi,luigi@example.com
3,Martina,Caruso,martinacaruso@email.com
4,Costanza,Barbieri,costanzabarbieri@email.com
5,Davide,Caruso,davidecaruso@email.com
6,Teresa,Gallo,teresagallo@email.com
7,Irene,Conti,ireneconti@email.com
8,Simone,Gallo,simonegallo@email.com
9,Serena,Greco,serenagreco@email.com
10,Cecilia,Romano,ceciliaromano@email.com
11,Elena,Messina,elenamessina@email.com
12,Costanza,Colombo,costanzacolombo@email.com
13,Alessia,Longo,alessialongo@email.com
14,Matteo,Russo,matteorusso@email.com
15,Simone,Moretti,simonemoretti@email.com
16,Davide,Mancini,davidemancini@email.com
17,Emanuele,Moretti,emanuelemoretti@email.com
18,Serena,Russo,serenarusso@email.com
19,Massimo,Russo,massimorusso@email.com
20,Silvia,Sanna,silviasanna@email.com
21,Alessia,Moretti,alessiamoretti@email.com
22,Chiara,Longo,chiaralongo@email.com
23,Luca,Barbieri,lucabarbieri@email.com
24,Simone,Russo,simonerusso@email.com
25,Giulia,Serra,giuliaserra@email.com
26,Valentina,Ricci,valentinaricci@email.com
27,Eugenia,Caruso,eugeniacaruso@email.com
28,Teresa,Parisi,teresaparisi@email.com
29,Giulia,Esposito,giuliaesposito@email.com
30,Gabriella,Gallo,gabriellagallo@email.com
31,Carlo,Conti,carloconti@email.com
32,Zaira,Sanna,zairasanna@email.com
33,Gabriella,Romano,gabriellaromano@email.com
34,Nicole,Sanna,nicolesanna@email.com
35,Costanza,DeLuca,costanzadeluca@email.com
36,Rachele,Messina,rachelemessina@email.com
37,Silvia,Santoro,silviasantoro@email.com
38,Pietro,Giordano,pietrogiordano@email.com
39,Irene,Longo,irenelongo@email.com
40,Valentina,Longo,valentinalongo@email.com
41,Bianca,Longo,biancalongo@email.com
42,Isabella,Longo,isabellalongo@email.com
43,Alessandro,Giordano,alessandrogiordano@email.com
44,Isabella,Ferrari,isabellaferrari@email.com
45,Nicoletta,Russo,nicolettarusso@email.com
46,Vittoria,Lombardi,vittorialombardi@email.com
47,Irene,Amato,ireneamato@email.com
48,Antonio,Sanna,antoniosanna@email.com
49,Isabella,Marino,isabellamarino@email.com
50,Federico,Sanna,federicosanna@email.com
51,Laura,Lombardi,lauralombardi@email.com
52,Carlo,Esposito,carloesposito@email.com
53,Lorenzo,Esposito,lorenzoesposito@email.com
54,Laura,Monti,lauramonti@email.com
55,Antonio,Barbieri,antoniobarbieri@email.com
56,Lorenzo,Serra,lorenzoserra@email.com
57,Ludovica,Amato,ludovicaamato@email.com
58,Giorgia,Gallo,giorgiagallo@email.com
59,Lorenzo,Greco,lorenzogreco@email.com
60,Fabiola,Giordano,fabiolagiordano@email.com
61,Francesco,Moretti,francescomoretti@email.com
62,Nicole,Rizzo,nicolerizzo@email.com
63,Pietro,Messina,pietromessina@email.com
64,Vittoria,Conti,vittoriaconti@email.com
65,Isabella,Giordano,isabellagiordano@email.com
66,Ludovica,Giordano,ludovicagiordano@email.com
67,Barbara,Ferrari,barbaraferrari@email.com
68,Gabriella,Colombo,gabriellacolombo@email.com
69,Costanza,Parisi,costanzaparisi@email.com
70,Claudio,Santoro,claudiosantoro@email.com
71,Massimo,Greco,massimogreco@email.com
72,Massimo,Piras,massimopiras@email.com
73,Veronica,Parisi,veronicaparisi@email.com
74,Zaira,Moretti,zairamoretti@email.com
75,Oriana,Conti,orianaconti@email.com
76,Serena,Mancini,serenamancini@email.com
77,Simone,Serra,simoneserra@email.com
78,Oriana,Greco,orianagreco@email.com
79,Cecilia,Lombardi,cecilialombardi@email.com
80,Serena,Fontana,serenafontana@email.com
81,Elena,Barbieri,elenabarbieri@email.com
82,Cecilia,Monti,ceciliamonti@email.com
83,Gabriele,Santoro,gabrielesantoro@email.com
84,Fabiola,Marino,fabiolamarino@email.com
85,Fabiola,Amato,fabiolaamato@email.com
86,Irene,Barbieri,irenebarbieri@email.com
87,Alessia,Conti,alessiaconti@email.com
88,Alessandro,Ferrari,alessandroferrari@email.com
89,Alessandro,Greco,alessandrogreco@email.com
90,Massimo,Longo,massimolongo@email.com
91,Gabriella,Longo,gabriellalongo@email.com
92,Barbara,Greco,barbaragreco@email.com
93,Matteo,Amato,matteoamato@email.com
94,Luca,Ricci,lucaricci@email.com
95,Zaira,DeLuca,zairadeluca@email.com
96,Francesco,Parisi,francescoparisi@email.com
97,Simona,Sanna,simonasanna@email.com
98,Sara,Amato,saraamato@email.com
99,Ludovica,Monti,ludovicamonti@email.com
100,Marina,Piras,marinapiras@email.com
101,Serena,Caruso,serenacaruso@email.com
102,Barbara,Conti,barbaraconti@email.com
103,Teresa,Barbieri,teresabarbieri@email.com
104,Nicole,Ricci,nicolericci@email.com
105,Zaira,Mancini,zairamancini@email.com
106,Sara,Ferrari,saraferrari@email.com
107,Fabiola,Longo,fabiolalongo@email.com
108,Leonardo,Santoro,leonardosantoro@email.com
109,Teresa,Ferrari,teresaferrari@email.com
110,Marina,Sanna,marinasanna@email.com
111,Martina,Rinaldi,martinarinaldi@email.com
112,Francesco,Piras,francescopiras@email.com
113,Pietro,Russo,pietrorusso@email.com
114,Nicole,Fontana,nicolefontana@email.com
115,Davide,Giordano,davidegiordano@email.com
116,Veronica,Romano,veronicaromano@email.com
117,Bianca,Amato,biancaamato@email.com
118,Sabrina,Ricci,sabrinaricci@email.com
119,Carlo,Longo,carlolongo@email.com
120,Roberto,Ricci,robertoricci@email.com
121,Laura,Santoro,laurasantoro@email.com
122,Martina,Moretti,martinamoretti@email.com
123,Nicoletta,Amato,nicolettaamato@email.com
124,Alessia,Mancini,alessiamancini@email.com
125,Marina,Messina,marinamessina@email.com
126,Emanuele,Mancini,emanuelemancini@email.com
127,Marina,Serra,marinaserra@email.com
128,Irene,Sanna,irenesanna@email.com
129,Isabella,Lombardi,isabellalombardi@email.com
130,Vittoria,Moretti,vittoriamoretti@email.com
131,Marco,Serra,marcoserra@email.com
132,Antonio,Ricci,antonioricci@email.com
133,Alessandro,Piras,alessandropiras@email.com
134,Emanuele,Esposito,emanueleesposito@email.com
135,Nicoletta,Gallo,nicolettagallo@email.com
136,Barbara,Gallo,barbaragallo@email.com
137,Gabriele,Fontana,gabrielefontana@email.com
138,Valentina,Romano,valentinaromano@email.com
139,Carlo,Amato,carloamato@email.com
140,Veronica,Messina,veronicamessina@email.com
141,Giorgia,Santoro,giorgiasantoro@email.com
142,Alessandro,Russo,alessandrorusso@email.com
143,Fabiola,Monti,fabiolamonti@email.com
144,Roberto,Piras,robertopiras@email.com
145,Antonio,Rinaldi,antoniorinaldi@email.com
146,Cecilia,Gallo,ceciliagallo@email.com
147,Rachele,Piras,rachelepiras@email.com
148,Serena,Santoro,serenasantoro@email.com
149,Matteo,Messina,matteomessina@email.com
150,Alessandro,Amato,alessandroamato@email.com
151,Isabella,Sanna,isabellasanna@email.com
152,Costanza,Lombardi,costanzalombardi@email.com
153,Andrea,Ferrari,andreaferrari@email.com
154,Eugenia,Moretti,eugeniamoretti@email.com
155,Lorenzo,Longo,lorenzolongo@email.com
156,Nicole,Gallo,nicolegallo@email.com
157,Matteo,Colombo,matteocolombo@email.com
158,Matteo,DeLuca,matteodeluca@email.com
159,Lorenzo,Rinaldi,lorenzorinaldi@email.com
160,Roberto,Parisi,robertoparisi@email.com
161,Antonio,Santoro,antoniosantoro@email.com
162,Claudio,Ferrari,claudioferrari@email.com
163,Leonardo,Colombo,leonardocolombo@email.com
164,Davide,Sanna,davidesanna@email.com
165,Laura,Rinaldi,laurarinaldi@email.com
166,Antonio,Piras,antoniopiras@email.com
167,Massimo,Marino,massimomarino@email.com
168,Isabella,Messina,isabellamessina@email.com
169,Laura,Fontana,laurafontana@email.com
170,Daniela,Ferrari,danielaferrari@email.com
171,Alessandro,Conti,alessandroconti@email.com
172,Cecilia,Santoro,ceciliasantoro@email.com
173,Veronica,DeLuca,veronicadeluca@email.com
174,Alessia,Amato,alessiaamato@email.com
175,Chiara,Esposito,chiaraesposito@email.com
176,Marco,Rinaldi,marcorinaldi@email.com
177,Chiara,Russo,chiararusso@email.com
178,Oriana,Monti,orianamonti@email.com
179,Roberto,Caruso,robertocaruso@email.com
180,Giorgia,Messina,giorgiamessina@email.com
181,Valentina,Serra,valentinaserra@email.com
182,Rossella,Greco,rossellagreco@email.com
183,Michele,Ricci,michelericci@email.com
184,Massimo,Ricci,massimoricci@email.com
185,Sabrina,Amato,sabrinaamato@email.com
186,Eugenia,Messina,eugeniamessina@email.com
187,Daniela,Greco,danielagreco@email.com
188,Antonio,Ferrari,antonioferrari@email.com
189,Sabrina,Sanna,sabrinasanna@email.com
190,Valentina,Parisi,valentinaparisi@email.com
191,Matteo,Giordano,matteogiordano@email.com
192,Andrea,Giordano,andreagiordano@email.com
193,Davide,DeLuca,davidedeluca@email.com
194,Andrea,Piras,andreapiras@email.com
195,Laura,Russo,laurarusso@email.com
196,Nicole,Santoro,nicolesantoro@email.com
197,Luca,Parisi,lucaparisi@email.com
198,Nicole,Marino,nicolemarino@email.com
199,Daria,DeLuca,dariadeluca@email.com
200,Roberto,Russo,robertorusso@email.com
201,Gabriele,Conti,gabrieleconti@email.com
202,Sabrina,Rizzo,sabrinarizzo@email.com
203,Simone,Marino,simonemarino@email.com
204,Barbara,Santoro,barbarasantoro@email.com
205,Carlo,Fontana,carlofontana@email.com
206,Rachele,Conti,racheleconti@email.com
207,Francesca,Conti,francescaconti@email.com
208,Marco,Fontana,marcofontana@email.com
209,Gabriele,Gallo,gabrielegallo@email.com
210,Beatrice,Messina,beatricemessina@email.com
211,Fabiola,Parisi,fabiolaparisi@email.com
212,Teresa,Serra,teresaserra@email.com
213,Alessandro,Ricci,alessandroricci@email.com
214,Gabriella,Parisi,gabriellaparisi@email.com
215,Nicole,Barbieri,nicolebarbieri@email.com
216,Andrea,Fontana,andreafontana@email.com
217,Veronica,Russo,veronicarusso@email.com
218,Giuseppe,Romano,giusepperomano@email.com
219,Daniela,Mancini,danielamancini@email.com
220,Elena,Serra,elenaserra@email.com
221,Bianca,Esposito,biancaesposito@email.com
222,Lorenzo,Monti,lorenzomonti@email.com
223,Michele,Piras,michelepiras@email.com
224,Paolo,Esposito,paoloesposito@email.com
225,Ludovica,Sanna,ludovicasanna@email.com
226,Giulia,Lombardi,giulialombardi@email.com
227,Antonio,Esposito,antonioesposito@email.com
228,Giancarlo,Barbieri,giancarlobarbieri@email.com
229,Alessandro,Moretti,alessandromoretti@email.com
230,Isabella,Mancini,isabellamancini@email.com
231,Giancarlo,Longo,giancarlolongo@email.com
232,Laura,Barbieri,laurabarbieri@email.com
233,Eugenia,Esposito,eugeniaesposito@email.com
234,Isabella,Ricci,isabellaricci@email.com
235,Ludovica,Fontana,ludovicafontana@email.com
236,Cecilia,Ferrari,ceciliaferrari@email.com
237,Vittoria,Serra,vittoriaserra@email.com
238,Antonio,Amato,antonioamato@email.com
239,Francesca,Ricci,francescaricci@email.com
240,Alessia,Lombardi,alessialombardi@email.com
241,Daniela,Giordano,danielagiordano@email.com
242,Alessandro,Fontana,alessandrofontana@email.com
243,Rossella,Mancini,rossellamancini@email.com
244,Paolo,Romano,paoloromano@email.com
245,Pietro,Ferrari,pietroferrari@email.com
246,Oriana,Rinaldi,orianarinaldi@email.com
247,Daria,Gallo,dariagallo@email.com
248,Beatrice,Russo,beatricerusso@email.com
249,Rachele,Ricci,rachelericci@email.com
250,Matteo,Rizzo,matteorizzo@email.com
251,Elena,Rizzo,elenarizzo@email.com
252,Giorgia,Rinaldi,giorgiarinaldi@email.com
253,Antonio,Conti,antonioconti@email.com
254,Simone,Costa,simonecosta@email.com
255,Matteo,Barbieri,matteobarbieri@email.com
256,Giuseppe,Gallo,giuseppegallo@email.com
257,Paolo,Amato,paoloamato@email.com
258,Gabriella,Barbieri,gabriellabarbieri@email.com
259,Roberto,Giordano,robertogiordano@email.com
260,Oriana,DeLuca,orianadeluca@email.com
261,Costanza,Piras,costanzapiras@email.com
262,Simone,Amato,simoneamato@email.com
263,Andrea,Messina,andreamessina@email.com
264,Teresa,Giordano,teresagiordano@email.com
265,Nicole,Giordano,nicolegiordano@email.com
266,Simona,Rinaldi,simonarinaldi@email.com
267,Paolo,Costa,paolocosta@email.com
268,Irene,Caruso,irenecaruso@email.com
269,Irene,Santoro,irenesantoro@email.com
270,Alessia,Costa,alessiacosta@email.com
271,Daria,Colombo,dariacolombo@email.com
272,Antonio,Moretti,antoniomoretti@email.com
273,Emanuele,Romano,emanueleromano@email.com
274,Francesca,Barbieri,francescabarbieri@email.com
275,Bianca,Colombo,biancacolombo@email.com
276,Veronica,Mancini,veronicamancini@email.com
277,Federico,Costa,federicocosta@email.com
278,Massimo,Colombo,massimocolombo@email.com
279,Bianca,Costa,biancacosta@email.com
280,Oriana,Esposito,orianaesposito@email.com
281,Nicoletta,Sanna,nicolettasanna@email.com
282,Leonardo,Longo,leonardolongo@email.com
283,Giulia,Monti,giuliamonti@email.com
284,Serena,Piras,serenapiras@email.com
285,Teresa,Colombo,teresacolombo@email.com
286,Barbara,Mancini,barbaramancini@email.com
287,Emanuele,Piras,emanuelepiras@email.com
288,Alessia,Monti,alessiamonti@email.com
289,Chiara,Parisi,chiaraparisi@email.com
290,Sabrina,Giordano,sabrinagiordano@email.com
291,Daniela,Longo,danielalongo@email.com
292,Claudio,Piras,claudiopiras@email.com
293,Francesco,Fontana,francescofontana@email.com
294,Francesco,Costa,francescocosta@email.com
295,Rachele,Barbieri,rachelebarbieri@email.com
296,Giuseppe,Ferrari,giuseppeferrari@email.com
297,Simone,Ferrari,simoneferrari@email.com
298,Alessia,Ricci,alessiaricci@email.com
299,Simona,Costa,simonacosta@email.com
300,Silvia,Barbieri,silviabarbieri@email.com
301,Vittoria,Piras,vittoriapiras@email.com
302,Daria,Conti,dariaconti@email.com
303,Federico,Moretti,federicomoretti@email.com
304,Fabiola,Costa,fabiolacosta@email.com
305,Isabella,Barbieri,isabellabarbieri@email.com
306,Serena,Parisi,serenaparisi@email.com
307,Simone,Caruso,simonecaruso@email.com
308,Teresa,Conti,teresaconti@email.com
309,Serena,DeLuca,serenadeluca@email.com
310,Daniela,Santoro,danielasantoro@email.com
311,Bianca,Monti,biancamonti@email.com
312,Martina,Serra,martinaserra@email.com
313,Costanza,Marino,costanzamarino@email.com
314,Eugenia,Ricci,eugeniaricci@email.com
315,Chiara,Barbieri,chiarabarbieri@email.com
316,Veronica,Colombo,veronicacolombo@email.com
317,Silvia,Parisi,silviaparisi@email.com
318,Michele,Caruso,michelecaruso@email.com
319,Giorgia,Parisi,giorgiaparisi@email.com
320,Giancarlo,Russo,giancarlorusso@email.com
321,Giuseppe,Rizzo,giusepperizzo@email.com
322,Antonio,Lombardi,antoniolombardi@email.com
323,Costanza,Serra,costanzaserra@email.com
324,Rachele,Esposito,racheleesposito@email.com
325,Giancarlo,Monti,giancarlomonti@email.com
326,Paolo,Ferrari,paoloferrari@email.com
327,Costanza,Russo,costanzarusso@email.com
328,Paolo,Parisi,paoloparisi@email.com
329,Emanuele,Santoro,emanuelesantoro@email.com
330,Costanza,Ferrari,costanzaferrari@email.com
331,Francesca,Mancini,francescamancini@email.com
332,Giuseppe,Monti,giuseppemonti@email.com
333,Andrea,Colombo,andreacolombo@email.com
334,Cecilia,Ricci,ceciliaricci@email.com
335,Andrea,Caruso,andreacaruso@email.com
336,Giuseppe,Serra,giuseppeserra@email.com
337,Lorenzo,Ricci,lorenzoricci@email.com
338,Gabriella,Esposito,gabriellaesposito@email.com
339,Francesco,Marino,francescomarino@email.com
340,Alessia,Piras,alessiapiras@email.com
341,Isabella,Fontana,isabellafontana@email.com
342,Carlo,Caruso,carlocaruso@email.com
343,Carlo,Barbieri,carlobarbieri@email.com
344,Bianca,Rizzo,biancarizzo@email.com
345,Gabriella,Moretti,gabriellamoretti@email.com
346,Andrea,Mancini,andreamancini@email.com
347,Simona,Conti,simonaconti@email.com
348,Simona,Gallo,simonagallo@email.com
349,Luca,Gallo,lucagallo@email.com
350,Rachele,Monti,rachelemonti@email.com
351,Alessia,Fontana,alessiafontana@email.com
352,Carlo,Giordano,carlogiordano@email.com
353,Veronica,Amato,veronicaamato@email.com
354,Zaira,Ricci,zairaricci@email.com
355,Eugenia,Rinaldi,eugeniarinaldi@email.com
356,Eugenia,Rizzo,eugeniarizzo@email.com
357,Simone,Santoro,simonesantoro@email.com
358,Beatrice,Colombo,beatricecolombo@email.com
359,Giulia,Longo,giulialongo@email.com
360,Daniela,Romano,danielaromano@email.com
361,Alessandro,Barbieri,alessandrobarbieri@email.com
362,Sabrina,Monti,sabrinamonti@email.com
363,Antonio,Parisi,antonioparisi@email.com
364,Davide,Monti,davidemonti@email.com
365,Daria,Barbieri,dariabarbieri@email.com
366,Federico,Serra,federicoserra@email.com
367,Marina,Caruso,marinacaruso@email.com
368,Pietro,Parisi,pietroparisi@email.com
369,Isabella,Costa,isabellacosta@email.com
370,Silvia,Ferrari,silviaferrari@email.com
371,Chiara,Santoro,chiarasantoro@email.com
372,Nicoletta,Greco,nicolettagreco@email.com
373,Massimo,Giordano,massimogiordano@email.com
374,Vittoria,Ricci,vittoriaricci@email.com
375,Paolo,Marino,paolomarino@email.com
376,Giancarlo,Giordano,giancarlogiordano@email.com
377,Andrea,Rizzo,andrearizzo@email.com
378,Paolo,Rinaldi,paolorinaldi@email.com
379,Massimo,Costa,massimocosta@email.com
380,Alessandro,Rizzo,alessandrorizzo@email.com
381,Barbara,Romano,barbararomano@email.com
382,Francesco,Colombo,francescocolombo@email.com
383,Simona,Rizzo,simonarizzo@email.com
384,Giorgia,Greco,giorgiagreco@email.com
385,Matteo,Gallo,matteogallo@email.com
386,Zaira,Giordano,zairagiordano@email.com
387,Elena,Colombo,elenacolombo@email.com
388,Roberto,Santoro,robertosantoro@email.com
389,Emanuele,Sanna,emanuelesanna@email.com
390,Zaira,Ferrari,zairaferrari@email.com
391,Ludovica,Esposito,ludovicaesposito@email.com
392,Pietro,Moretti,pietromoretti@email.com
393,Massimo,Romano,massimoromano@email.com
394,Sabrina,Parisi,sabrinaparisi@email.com
395,Francesca,Ferrari,francescaferrari@email.com
396,Martina,Costa,martinacosta@email.com
397,Simone,Giordano,simonegiordano@email.com
398,Francesca,Fontana,francescafontana@email.com
399,Veronica,Conti,veronicaconti@email.com
400,Claudio,Caruso,claudiocaruso@email.com
401,Roberto,Sanna,robertosanna@email.com
402,Roberto,Esposito,robertoesposito@email.com
403,Valentina,Rizzo,valentinarizzo@email.com
404,Paolo,Barbieri,paolobarbieri@email.com
405,Veronica,Moretti,veronicamoretti@email.com
406,Matteo,Longo,matteolongo@email.com
407,Francesco,Longo,francescolongo@email.com
408,Marco,Amato,marcoamato@email.com
409,Valentina,Colombo,valentinacolombo@email.com
410,Barbara,Russo,barbararusso@email.com
411,Chiara,Conti,chiaraconti@email.com
412,Beatrice,Ricci,beatricericci@email.com
413,Chiara,Monti,chiaramonti@email.com
414,Leonardo,Lombardi,leonardolombardi@email.com
415,Giorgia,Caruso,giorgiacaruso@email.com
416,Gabriella,Serra,gabriellaserra@email.com
417,Davide,Gallo,davidegallo@email.com
418,Zaira,Lombardi,zairalombardi@email.com
419,Marina,Longo,marinalongo@email.com
420,Chiara,Ricci,chiararicci@email.com
421,Antonio,Colombo,antoniocolombo@email.com
422,Irene,Lombardi,irenelombardi@email.com
423,Matteo,Piras,matteopiras@email.com
424,Andrea,Serra,andreaserra@email.com
425,Rachele,DeLuca,racheledeluca@email.com
426,Michele,Gallo,michelegallo@email.com
427,Gabriele,Piras,gabrielepiras@email.com
428,Gabriele,Rizzo,gabrielerizzo@email.com
429,Teresa,Mancini,teresamancini@email.com
430,Luca,Ferrari,lucaferrari@email.com
431,Luca,Piras,lucapiras@email.com
432,Emanuele,Parisi,emanueleparisi@email.com
433,Giulia,Marino,giuliamarino@email.com
434,Giorgia,Piras,giorgiapiras@email.com
435,Vittoria,Barbieri,vittoriabarbieri@email.com
436,Nicoletta,Costa,nicolettacosta@email.com
437,Costanza,Romano,costanzaromano@email.com
438,Sara,Colombo,saracolombo@email.com
439,Simone,Romano,simoneromano@email.com
440,Rachele,Ferrari,racheleferrari@email.com
441,Roberto,Rizzo,robertorizzo@email.com
442,Giulia,Ferrari,giuliaferrari@email.com
443,Rossella,Longo,rossellalongo@email.com
444,Giorgia,Russo,giorgiarusso@email.com
445,Elena,Russo,elenarusso@email.com
446,Francesco,Mancini,francescomancini@email.com
447,Francesco,Amato,francescoamato@email.com
448,Teresa,Greco,teresagreco@email.com
449,Leonardo,Marino,leonardomarino@email.com
450,Oriana,Caruso,orianacaruso@email.com
451,Martina,Santoro,martinasantoro@email.com
452,Giancarlo,Santoro,giancarlosantoro@email.com
453,Isabella,Serra,isabellaserra@email.com
454,Isabella,Santoro,isabellasantoro@email.com
455,Alessandro,Santoro,alessandrosantoro@email.com
456,Luca,Monti,lucamonti@email.com
457,Vittoria,Costa,vittoriacosta@email.com
458,Davide,Amato,davideamato@email.com
459,Massimo,Lombardi,massimolombardi@email.com
460,Valentina,Greco,valentinagreco@email.com
461,Carlo,Gallo,carlogallo@email.com
462,Rachele,Rizzo,rachelerizzo@email.com
463,Beatrice,Gallo,beatricegallo@email.com
464,Nicoletta,Ferrari,nicolettaferrari@email.com
465,Marco,Mancini,marcomancini@email.com
466,Barbara,DeLuca,barbaradeluca@email.com
467,Emanuele,Giordano,emanuelegiordano@email.com
468,Sabrina,Santoro,sabrinasantoro@email.com
469,Luca,Sanna,lucasanna@email.com
470,Nicole,Colombo,nicolecolombo@email.com
471,Sabrina,Serra,sabrinaserra@email.com
472,Simona,Amato,simonaamato@email.com
473,Bianca,Barbieri,biancabarbieri@email.com
474,Ludovica,DeLuca,ludovicadeluca@email.com
475,Massimo,Serra,massimoserra@email.com
476,Emanuele,Serra,emanueleserra@email.com
477,Emanuele,Longo,emanuelelongo@email.com
478,Andrea,Esposito,andreaesposito@email.com
479,Sara,Moretti,saramoretti@email.com
480,Antonio,Monti,antoniomonti@email.com
481,Elena,DeLuca,elenadeluca@email.com
482,Barbara,Piras,barbarapiras@email.com
483,Ludovica,Santoro,ludovicasantoro@email.com
484,Claudio,Esposito,claudioesposito@email.com
485,Sara,Romano,sararomano@email.com
486,Irene,Parisi,ireneparisi@email.com
487,Rossella,Ricci,rossellaricci@email.com
488,Matteo,Ferrari,matteoferrari@email.com
489,Roberto,Lombardi,robertolombardi@email.com
490,Ludovica,Russo,ludovicarusso@email.com
491,Giancarlo,Gallo,giancarlogallo@email.com
492,Giancarlo,Costa,giancarlocosta@email.com
493,Serena,Rinaldi,serenarinaldi@email.com
494,Sabrina,Lombardi,sabrinalombardi@email.com
495,Rachele,Giordano,rachelegiordano@email.com
496,Beatrice,Parisi,beatriceparisi@email.com
497,Veronica,Longo,veronicalongo@email.com
498,Marina,Esposito,marinaesposito@email.com
499,Laura,Parisi,lauraparisi@email.com
500,Simona,Greco,simonagreco@email.com
501,Costanza,Esposito,costanzaesposito@email.com
502,Rossella,Lombardi,rossellalombardi@email.com
503,Vittoria,Ferrari,vittoriaferrari@email.com
504,Pietro,Longo,pietrolongo@email.com
505,Francesca,Esposito,francescaesposito@email.com
506,Martina,Marino,martinamarino@email.com
507,Carlo,Ricci,carloricci@email.com
508,Matteo,Parisi,matteoparisi@email.com
509,Zaira,Colombo,zairacolombo@email.com
510,Massimo,Santoro,massimosantoro@email.com
511,Davide,Barbieri,davidebarbieri@email.com
512,Nicoletta,Colombo,nicolettacolombo@email.com
513,Bianca,Santoro,biancasantoro@email.com
514,Teresa,Caruso,teresacaruso@email.com
515,Nicole,Ferrari,nicoleferrari@email.com
516,Francesca,Russo,francescarusso@email.com
517,Alessandro,Messina,alessandromessina@email.com
518,Oriana,Rizzo,orianarizzo@email.com
519,Francesco,Messina,francescomessina@email.com
520,Oriana,Santoro,orianasantoro@email.com
521,Simona,Serra,simonaserra@email.com
522,Valentina,Piras,valentinapiras@email.com
523,Chiara,Fontana,chiarafontana@email.com
524,Simone,Sanna,simonesanna@email.com
525,Giorgia,Fontana,giorgiafontana@email.com
526,Davide,Serra,davideserra@email.com
527,Paolo,Caruso,paolocaruso@email.com
528,Emanuele,Greco,emanuelegreco@email.com
529,Lorenzo,Amato,lorenzoamato@email.com
530,Giorgia,Marino,giorgiamarino@email.com
531,Davide,Colombo,davidecolombo@email.com
532,Sara,DeLuca,saradeluca@email.com
533,Massimo,Mancini,massimomancini@email.com
534,Francesca,Longo,francescalongo@email.com
535,Simone,Messina,simonemessina@email.com
536,Sara,Santoro,sarasantoro@email.com
537,Ludovica,Longo,ludovicalongo@email.com
538,Rossella,Russo,rossellarusso@email.com
539,Gabriele,Colombo,gabrielecolombo@email.com
540,Claudio,Rinaldi,claudiorinaldi@email.com
541,Marco,Russo,marcorusso@email.com
542,Paolo,Lombardi,paololombardi@email.com
543,Andrea,Sanna,andreasanna@email.com
544,Gabriele,Caruso,gabrielecaruso@email.com
545,Davide,Russo,daviderusso@email.com
546,Nicoletta,Fontana,nicolettafontana@email.com
547,Veronica,Rizzo,veronicarizzo@email.com
548,Claudio,Russo,claudiorusso@email.com
549,Antonio,Giordano,antoniogiordano@email.com
550,Zaira,Caruso,zairacaruso@email.com
551,Valentina,Moretti,valentinamoretti@email.com
552,Lorenzo,Giordano,lorenzogiordano@email.com
553,Massimo,Monti,massimomonti@email.com
554,Eugenia,Ferrari,eugeniaferrari@email.com
555,Sabrina,Fontana,sabrinafontana@email.com
556,Davide,Messina,davidemessina@email.com
557,Giuseppe,Fontana,giuseppefontana@email.com
558,Veronica,Barbieri,veronicabarbieri@email.com
559,Leonardo,Rinaldi,leonardorinaldi@email.com
560,Valentina,DeLuca,valentinadeluca@email.com
561,Daniela,Marino,danielamarino@email.com
562,Serena,Sanna,serenasanna@email.com
563,Francesca,Marino,francescamarino@email.com
564,Andrea,Marino,andreamarino@email.com
565,Fabiola,Messina,fabiolamessina@email.com
566,Federico,Conti,federicoconti@email.com
567,Davide,Ricci,davidericci@email.com
568,Nicoletta,Lombardi,nicolettalombardi@email.com
569,Gabriella,Sanna,gabriellasanna@email.com
570,Roberto,Greco,robertogreco@email.com
571,Laura,Sanna,laurasanna@email.com
572,Isabella,Caruso,isabellacaruso@email.com
573,Paolo,Monti,paolomonti@email.com
574,Michele,Longo,michelelongo@email.com
575,Daria,Lombardi,darialombardi@email.com
576,Lorenzo,Caruso,lorenzocaruso@email.com
577,Laura,DeLuca,lauradeluca@email.com
578,Beatrice,DeLuca,beatricedeluca@email.com
579,Simone,DeLuca,simonedeluca@email.com
580,Giancarlo,Sanna,giancarlosanna@email.com
581,Nicole,DeLuca,nicoledeluca@email.com
582,Lorenzo,DeLuca,lorenzodeluca@email.com
583,Serena,Barbieri,serenabarbieri@email.com
584,Laura,Costa,lauracosta@email.com
585,Nicole,Serra,nicoleserra@email.com
586,Roberto,Monti,robertomonti@email.com
587,Rachele,Costa,rachelecosta@email.com
588,Chiara,Caruso,chiaracaruso@email.com
589,Veronica,Gallo,veronicagallo@email.com
590,Daniela,Rizzo,danielarizzo@email.com
591,Valentina,Monti,valentinamonti@email.com
592,Luca,Esposito,lucaesposito@email.com
593,Laura,Rizzo,laurarizzo@email.com
594,Matteo,Costa,matteocosta@email.com
595,Rachele,Lombardi,rachelelombardi@email.com
596,Carlo,Parisi,carloparisi@email.com
597,Oriana,Ferrari,orianaferrari@email.com
598,Antonio,Rizzo,antoniorizzo@email.com
599,Sara,Ricci,sararicci@email.com
600,Cecilia,Barbieri,ceciliabarbieri@email.com
601,Daniela,Monti,danielamonti@email.com
602,Isabella,Esposito,isabellaesposito@email.com
603,Costanza,Giordano,costanzagiordano@email.com
604,Simona,Santoro,simonasantoro@email.com
605,Giorgia,Amato,giorgiaamato@email.com
606,Beatrice,Giordano,beatricegiordano@email.com
607,Martina,Conti,martinaconti@email.com
608,Andrea,Lombardi,andrealombardi@email.com
609,Pietro,Marino,pietromarino@email.com
610,Zaira,Conti,zairaconti@email.com
611,Pietro,Esposito,pietroesposito@email.com
612,Marina,Mancini,marinamancini@email.com
613,Simona,Messina,simonamessina@email.com
614,Leonardo,Romano,leonardoromano@email.com
615,Beatrice,Sanna,beatricesanna@email.com
616,Massimo,Amato,massimoamato@email.com
617,Marco,Greco,marcogreco@email.com
618,Antonio,Serra,antonioserra@email.com
619,Gabriella,Costa,gabriellacosta@email.com
620,Andrea,Russo,andrearusso@email.com
621,Roberto,Gallo,robertogallo@email.com
622,Eugenia,Barbieri,eugeniabarbieri@email.com
623,Elena,Mancini,elenamancini@email.com
624,Bianca,DeLuca,biancadeluca@email.com
625,Pietro,Fontana,pietrofontana@email.com
626,Giorgia,Costa,giorgiacosta@email.com
627,Daniela,Costa,danielacosta@email.com
628,Oriana,Serra,orianaserra@email.com
629,Serena,Costa,serenacosta@email.com
630,Oriana,Sanna,orianasanna@email.com
631,Martina,Monti,martinamonti@email.com
632,Bianca,Lombardi,biancalombardi@email.com
633,Paolo,Ricci,paoloricci@email.com
634,Leonardo,Amato,leonardoamato@email.com
635,Vittoria,Fontana,vittoriafontana@email.com
636,Pietro,Romano,pietroromano@email.com
637,Giulia,Caruso,giuliacaruso@email.com
638,Ludovica,Rinaldi,ludovicarinaldi@email.com
639,Martina,Sanna,martinasanna@email.com
640,Marco,Longo,marcolongo@email.com
641,Chiara,Amato,chiaraamato@email.com
642,Alessandro,Serra,alessandroserra@email.com
643,Leonardo,Gallo,leonardogallo@email.com
644,Beatrice,Fontana,beatricefontana@email.com
645,Daria,Greco,dariagreco@email.com
646,Cecilia,Messina,ceciliamessina@email.com
647,Paolo,Russo,paolorusso@email.com
648,Silvia,Longo,silvialongo@email.com
649,Vittoria,Mancini,vittoriamancini@email.com
650,Nicole,Mancini,nicolemancini@email.com
651,Giancarlo,Ferrari,giancarloferrari@email.com
652,Rachele,Sanna,rachelesanna@email.com
653,Giancarlo,Caruso,giancarlocaruso@email.com
654,Federico,Ferrari,federicoferrari@email.com
655,Veronica,Rinaldi,veronicarinaldi@email.com
656,Costanza,Mancini,costanzamancini@email.com
657,Teresa,Amato,teresaamato@email.com
658,Daniela,Serra,danielaserra@email.com
659,Irene,Romano,ireneromano@email.com
660,Sara,Fontana,sarafontana@email.com
661,Daria,Messina,dariamessina@email.com
662,Barbara,Serra,barbaraserra@email.com
663,Alessandro,Gallo,alessandrogallo@email.com
664,Francesca,Rinaldi,francescarinaldi@email.com
665,Nicoletta,Longo,nicolettalongo@email.com
666,Teresa,Esposito,teresaesposito@email.com
667,Simone,Conti,simoneconti@email.com
668,Chiara,Ferrari,chiaraferrari@email.com
669,Daria,Caruso,dariacaruso@email.com
670,Giulia,Piras,giuliapiras@email.com
671,Ludovica,Rizzo,ludovicarizzo@email.com
672,Carlo,Monti,carlomonti@email.com
673,Daria,Rinaldi,dariarinaldi@email.com
674,Giulia,Moretti,giuliamoretti@email.com
675,Simona,DeLuca,simonadeluca@email.com
676,Marco,Gallo,marcogallo@email.com
677,Serena,Rizzo,serenarizzo@email.com
678,Daria,Giordano,dariagiordano@email.com
679,Laura,Marino,lauramarino@email.com
680,Gabriele,Serra,gabrieleserra@email.com
681,Rossella,Santoro,rossellasantoro@email.com
682,Costanza,Longo,costanzalongo@email.com
683,Gabriella,Ricci,gabriellaricci@email.com
684,Vittoria,Marino,vittoriamarino@email.com
685,Davide,Esposito,davideesposito@email.com
686,Rossella,Esposito,rossellaesposito@email.com
687,Simone,Colombo,simonecolombo@email.com
688,Bianca,Caruso,biancacaruso@email.com
689,Marco,Piras,marcopiras@email.com
690,Carlo,Moretti,carlomoretti@email.com
691,Vittoria,Colombo,vittoriacolombo@email.com
692,Bianca,Ricci,biancaricci@email.com
693,Giuseppe,Lombardi,giuseppelombardi@email.com
694,Michele,Greco,michelegreco@email.com
695,Luca,Colombo,lucacolombo@email.com
696,Massimo,Parisi,massimoparisi@email.com
697,Federico,Gallo,federicogallo@email.com
698,Nicole,Romano,nicoleromano@email.com
699,Francesco,Giordano,francescogiordano@email.com
700,Oriana,Gallo,orianagallo@email.com
701,Federico,Caruso,federicocaruso@email.com
702,Francesca,Parisi,francescaparisi@email.com
703,Cecilia,Costa,ceciliacosta@email.com
704,Costanza,Messina,costanzamessina@email.com
705,Davide,Piras,davidepiras@email.com
706,Barbara,Messina,barbaramessina@email.com
707,Teresa,Rizzo,teresarizzo@email.com
708,Elena,Costa,elenacosta@email.com
709,Oriana,Giordano,orianagiordano@email.com
710,Beatrice,Longo,beatricelongo@email.com
711,Laura,Conti,lauraconti@email.com
712,Barbara,Ricci,barbararicci@email.com
713,Irene,Esposito,ireneesposito@email.com
714,Cecilia,Piras,ceciliapiras@email.com
715,Silvia,Fontana,silviafontana@email.com
716,Nicoletta,Marino,nicolettamarino@email.com
717,Beatrice,Santoro,beatricesantoro@email.com
718,Silvia,Rinaldi,silviarinaldi@email.com
719,Beatrice,Romano,beatriceromano@email.com
720,Simona,Romano,simonaromano@email.com
721,Silvia,Ricci,silviaricci@email.com
722,Ludovica,Parisi,ludovicaparisi@email.com
723,Isabella,Romano,isabellaromano@email.com
724,Michele,Colombo,michelecolombo@email.com
725,Carlo,Mancini,carlomancini@email.com
726,Leonardo,DeLuca,leonardodeluca@email.com
727,Lorenzo,Santoro,lorenzosantoro@email.com
728,Michele,Santoro,michelesantoro@email.com
729,Martina,Ferrari,martinaferrari@email.com
730,Francesca,Messina,francescamessina@email.com
731,Lorenzo,Fontana,lorenzofontana@email.com
732,Martina,Mancini,martinamancini@email.com
733,Paolo,Santoro,paolosantoro@email.com
734,Rossella,Monti,rossellamonti@email.com
735,Luca,Romano,lucaromano@email.com
736,Bianca,Ferrari,biancaferrari@email.com
737,Sara,Russo,sararusso@email.com
738,Giulia,Parisi,giuliaparisi@email.com
739,Teresa,Santoro,teresasantoro@email.com
740,Roberto,Conti,robertoconti@email.com
741,Simone,Parisi,simoneparisi@email.com
742,Leonardo,Giordano,leonardogiordano@email.com
743,Rachele,Parisi,racheleparisi@email.com
744,Giorgia,Longo,giorgialongo@email.com
745,Leonardo,Caruso,leonardocaruso@email.com
746,Luca,Rizzo,lucarizzo@email.com
747,Serena,Lombardi,serenalombardi@email.com
748,Elena,Romano,elenaromano@email.com
749,Zaira,Monti,zairamonti@email.com
750,Ludovica,Serra,ludovicaserra@email.com
751,Alessia,DeLuca,alessiadeluca@email.com
752,Gabriele,Costa,gabrielecosta@email.com
753,Veronica,Greco,veronicagreco@email.com
754,Michele,Romano,micheleromano@email.com
755,Giulia,Greco,giuliagreco@email.com
756,Laura,Longo,lauralongo@email.com
757,Barbara,Costa,barbaracosta@email.com
758,Gabriella,Conti,gabriellaconti@email.com
759,Irene,Greco,irenegreco@email.com
760,Pietro,Piras,pietropiras@email.com
761,Giancarlo,Greco,giancarlogreco@email.com
762,Michele,Conti,micheleconti@email.com
763,Elena,Parisi,elenaparisi@email.com
764,Simona,Caruso,simonacaruso@email.com
765,Luca,Moretti,lucamoretti@email.com
766,Giuseppe,Costa,giuseppecosta@email.com
767,Zaira,Costa,zairacosta@email.com
768,Francesco,Rizzo,francescorizzo@email.com
769,Marco,Costa,marcocosta@email.com
770,Giuseppe,Giordano,giuseppegiordano@email.com
771,Rossella,Giordano,rossellagiordano@email.com
772,Roberto,Longo,robertolongo@email.com
773,Silvia,Gallo,silviagallo@email.com
774,Lorenzo,Messina,lorenzomessina@email.com
775,Irene,Ferrari,ireneferrari@email.com
776,Federico,Colombo,federicocolombo@email.com
777,Marina,Monti,marinamonti@email.com
778,Nicoletta,Rinaldi,nicolettarinaldi@email.com
779,Serena,Monti,serenamonti@email.com
780,Simone,Fontana,simonefontana@email.com
781,Antonio,Romano,antonioromano@email.com
782,Gabriella,Ferrari,gabriellaferrari@email.com
783,Simone,Ricci,simonericci@email.com
784,Gabriele,DeLuca,gabrieledeluca@email.com
785,Sara,Gallo,saragallo@email.com
786,Davide,Romano,davideromano@email.com
787,Irene,Russo,irenerusso@email.com
788,Simone,Lombardi,simonelombardi@email.com
789,Barbara,Monti,barbaramonti@email.com
790,Roberto,Barbieri,robertobarbieri@email.com
791,Davide,Conti,davideconti@email.com
792,Matteo,Sanna,matteosanna@email.com
793,Vittoria,Greco,vittoriagreco@email.com
794,Vittoria,Monti,vittoriamonti@email.com
795,Vittoria,DeLuca,vittoriadeluca@email.com
796,Beatrice,Lombardi,beatricelombardi@email.com
797,Marina,Conti,marinaconti@email.com
798,Marina,Romano,marinaromano@email.com
799,Giulia,Santoro,giuliasantoro@email.com
800,Leonardo,Conti,leonardoconti@email.com
801,Gabriele,Barbieri,gabrielebarbieri@email.com
802,Marina,Greco,marinagreco@email.com
803,Serena,Moretti,serenamoretti@email.com
804,Paolo,Messina,paolomessina@email.com
805,Beatrice,Costa,beatricecosta@email.com
806,Roberto,Mancini,robertomancini@email.com
807,Serena,Romano,serenaromano@email.com
808,Sabrina,Greco,sabrinagreco@email.com
809,Paolo,Colombo,paolocolombo@email.com
810,Silvia,Colombo,silviacolombo@email.com
811,Chiara,Colombo,chiaracolombo@email.com
812,Serena,Longo,serenalongo@email.com
813,Costanza,Costa,costanzacosta@email.com
814,Paolo,Gallo,paologallo@email.com
815,Costanza,Rinaldi,costanzarinaldi@email.com
816,Costanza,Amato,costanzaamato@email.com
817,Alessandro,DeLuca,alessandrodeluca@email.com
818,Luca,Russo,lucarusso@email.com
819,Fabiola,Romano,fabiolaromano@email.com
820,Valentina,Sanna,valentinasanna@email.com
821,Cecilia,Moretti,ceciliamoretti@email.com
822,Michele,Giordano,michelegiordano@email.com
823,Cecilia,Esposito,ceciliaesposito@email.com
824,Bianca,Fontana,biancafontana@email.com
825,Oriana,Lombardi,orianalombardi@email.com
826,Luca,Greco,lucagreco@email.com
827,Francesco,Barbieri,francescobarbieri@email.com
828,Vittoria,Parisi,vittoriaparisi@email.com
829,Massimo,Barbieri,massimobarbieri@email.com
830,Luca,Serra,lucaserra@email.com
831,Martina,DeLuca,martinadeluca@email.com
832,Gabriele,Moretti,gabrielemoretti@email.com
833,Chiara,Romano,chiararomano@email.com
834,Claudio,Sanna,claudiosanna@email.com
835,Giulia,Gallo,giuliagallo@email.com
836,Nicole,Monti,nicolemonti@email.com
837,Ludovica,Moretti,ludovicamoretti@email.com
838,Claudio,Gallo,claudiogallo@email.com
839,Giulia,Conti,giuliaconti@email.com
840,Sabrina,Piras,sabrinapiras@email.com
841,Valentina,Caruso,valentinacaruso@email.com
842,Fabiola,Ferrari,fabiolaferrari@email.com
843,Laura,Messina,lauramessina@email.com
844,Silvia,Russo,silviarusso@email.com
845,Simona,Monti,simonamonti@email.com
846,Alessia,Caruso,alessiacaruso@email.com
847,Giorgia,Conti,giorgiaconti@email.com
848,Sabrina,Conti,sabrinaconti@email.com
849,Teresa,Fontana,teresafontana@email.com
850,Matteo,Caruso,matteocaruso@email.com
851,Cecilia,Longo,cecilialongo@email.com
852,Daniela,Messina,danielamessina@email.com
853,Giancarlo,Serra,giancarloserra@email.com
854,Ludovica,Romano,ludovicaromano@email.com
855,Leonardo,Moretti,leonardomoretti@email.com
856,Marco,Caruso,marcocaruso@email.com
857,Gabriele,Ricci,gabrielericci@email.com
858,Irene,Rizzo,irenerizzo@email.com
859,Pietro,Sanna,pietrosanna@email.com
860,Daniela,Moretti,danielamoretti@email.com
861,Giuseppe,Messina,giuseppemessina@email.com
862,Antonio,Marino,antoniomarino@email.com
863,Davide,Greco,davidegreco@email.com
864,Silvia,Piras,silviapiras@email.com
865,Chiara,Rinaldi,chiararinaldi@email.com
866,Nicole,Costa,nicolecosta@email.com
867,Beatrice,Moretti,beatricemoretti@email.com
868,Barbara,Marino,barbaramarino@email.com
869,Zaira,Parisi,zairaparisi@email.com
870,Cecilia,Conti,ceciliaconti@email.com
871,Barbara,Amato,barbaraamato@email.com
872,Claudio,Rizzo,claudiorizzo@email.com
873,Luca,Giordano,lucagiordano@email.com
874,Rossella,Moretti,rossellamoretti@email.com
875,Elena,Marino,elenamarino@email.com
876,Cecilia,Serra,ceciliaserra@email.com
877,Matteo,Conti,matteoconti@email.com
878,Valentina,Costa,valentinacosta@email.com
879,Francesco,Greco,francescogreco@email.com
880,Claudio,Colombo,claudiocolombo@email.com
881,Leonardo,Esposito,leonardoesposito@email.com
882,Carlo,Russo,carlorusso@email.com
883,Marco,Giordano,marcogiordano@email.com
884,Andrea,Conti,andreaconti@email.com
885,Irene,Colombo,irenecolombo@email.com
886,Francesca,Piras,francescapiras@email.com
887,Leonardo,Fontana,leonardofontana@email.com
888,Oriana,Messina,orianamessina@email.com
889,Michele,DeLuca,micheledeluca@email.com
890,Elena,Amato,elenaamato@email.com
891,Chiara,Mancini,chiaramancini@email.com
892,Francesca,Rizzo,francescarizzo@email.com
893,Rachele,Mancini,rachelemancini@email.com
894,Francesco,Serra,francescoserra@email.com
895,Nicole,Russo,nicolerusso@email.com
896,Serena,Marino,serenamarino@email.com
897,Rachele,Colombo,rachelecolombo@email.com
898,Rossella,Colombo,rossellacolombo@email.com
899,Bianca,Conti,biancaconti@email.com
900,Vittoria,Sanna,vittoriasanna@email.com
901,Carlo,Costa,carlocosta@email.com
902,Ludovica,Ferrari,ludovicaferrari@email.com
903,Fabiola,Mancini,fabiolamancini@email.com
904,Roberto,Amato,robertoamato@email.com
905,Irene,Moretti,irenemoretti@email.com
906,Nicoletta,DeLuca,nicolettadeluca@email.com
907,Zaira,Barbieri,zairabarbieri@email.com
908,Beatrice,Greco,beatricegreco@email.com
909,Zaira,Santoro,zairasantoro@email.com
910,Leonardo,Barbieri,leonardobarbieri@email.com
911,Eugenia,Fontana,eugeniafontana@email.com
912,Sara,Messina,saramessina@email.com
913,Federico,Barbieri,federicobarbieri@email.com
914,Teresa,Russo,teresarusso@email.com
915,Martina,Romano,martinaromano@email.com
916,Lorenzo,Barbieri,lorenzobarbieri@email.com
917,Giuseppe,Marino,giuseppemarino@email.com
918,Lorenzo,Marino,lorenzomarino@email.com
919,Davide,Ferrari,davideferrari@email.com
920,Irene,Serra,ireneserra@email.com
921,Andrea,Ricci,andrearicci@email.com
922,Francesca,Gallo,francescagallo@email.com
923,Rachele,Marino,rachelemarino@email.com
924,Sabrina,Moretti,sabrinamoretti@email.com
925,Alessandro,Colombo,alessandrocolombo@email.com
926,Pietro,Caruso,pietrocaruso@email.com
927,Elena,Lombardi,elenalombardi@email.com
928,Matteo,Serra,matteoserra@email.com
929,Vittoria,Rinaldi,vittoriarinaldi@email.com
930,Federico,Lombardi,federicolombardi@email.com
931,Alessia,Marino,alessiamarino@email.com
932,Elena,Ricci,elenaricci@email.com
933,Sabrina,Gallo,sabrinagallo@email.com
934,Martina,Longo,martinalongo@email.com
935,Chiara,Rizzo,chiararizzo@email.com
936,Gabriella,DeLuca,gabrielladeluca@email.com
937,Nicoletta,Monti,nicolettamonti@email.com
938,Isabella,Monti,isabellamonti@email.com
939,Veronica,Piras,veronicapiras@email.com
940,Martina,Greco,martinagreco@email.com
941,Giulia,Amato,giuliaamato@email.com
942,Alessia,Russo,alessiarusso@email.com
943,Federico,Parisi,federicoparisi@email.com
944,Nicole,Lombardi,nicolelombardi@email.com
945,Nicole,Messina,nicolemessina@email.com
946,Costanza,Caruso,costanzacaruso@email.com
947,Michele,Marino,michelemarino@email.com
948,Antonio,Costa,antoniocosta@email.com
949,Daria,Fontana,dariafontana@email.com
950,Claudio,Lombardi,claudiolombardi@email.com
951,Giancarlo,Conti,giancarloconti@email.com
952,Francesco,Romano,francescoromano@email.com
953,Barbara,Moretti,barbaramoretti@email.com
954,Pietro,DeLuca,pietrodeluca@email.com
955,Leonardo,Parisi,leonardoparisi@email.com
956,Isabella,Russo,isabellarusso@email.com
957,Veronica,Monti,veronicamonti@email.com
958,Giancarlo,Mancini,giancarlomancini@email.com
959,Lorenzo,Rizzo,lorenzorizzo@email.com
960,Isabella,Gallo,isabellagallo@email.com
961,Carlo,DeLuca,carlodeluca@email.com
962,Claudio,Mancini,claudiomancini@email.com
963,Rossella,Rinaldi,rossellarinaldi@email.com
964,Davide,Costa,davidecosta@email.com
965,Leonardo,Greco,leonardogreco@email.com
966,Isabella,Amato,isabellaamato@email.com
967,Cecilia,Colombo,ceciliacolombo@email.com
968,Simona,Longo,simonalongo@email.com
969,Simone,Longo,simonelongo@email.com
970,Simona,Ricci,simonaricci@email.com
971,Cecilia,Russo,ceciliarusso@email.com
972,Federico,Greco,federicogreco@email.com
973,Simona,Barbieri,simonabarbieri@email.com
974,Barbara,Rizzo,barbararizzo@email.com
975,Elena,Ferrari,elenaferrari@email.com
976,Zaira,Romano,zairaromano@email.com
977,Elena,Gallo,elenagallo@email.com
978,Barbara,Fontana,barbarafontana@email.com
979,Francesca,Lombardi,francescalombardi@email.com
980,Giuseppe,Parisi,giuseppeparisi@email.com
981,Simona,Giordano,simonagiordano@email.com
982,Giulia,Sanna,giuliasanna@email.com
983,Leonardo,Messina,leonardomessina@email.com
984,Giuseppe,DeLuca,giuseppedeluca@email.com
985,Francesca,DeLuca,francescadeluca@email.com
986,Davide,Lombardi,davidelombardi@email.com
987,Emanuele,Caruso,emanuelecaruso@email.com
988,Gabriele,Amato,gabrieleamato@email.com
989,Davide,Parisi,davideparisi@email.com
990,Davide,Rinaldi,daviderinaldi@email.com
991,Chiara,Piras,chiarapiras@email.com
992,Gabriele,Lombardi,gabrielelombardi@email.com
993,Rossella,Barbieri,rossellabarbieri@email.com
994,Emanuele,Lombardi,emanuelelombardi@email.com
995,Pietro,Santoro,pietrosantoro@email.com
996,Silvia,Moretti,silviamoretti@email.com
997,Marina,Lombardi,marinalombardi@email.com
998,Pietro,Barbieri,pietrobarbieri@email.com
999,Silvia,Esposito,silviaesposito@email.com
1000,Serena,Colombo,serenacolombo@email.com
1001,Daniela,Rinaldi,danielarinaldi@email.com
1002,Luca,Marino,lucamarino@email.com
